codon,count,usage,r_codon,k,Regression
AAA,44943,0.033681921195261165,AAA,0.7672596285167986,
AAC,28737,0.02153655451100772,AAC,0.3433499160280028,
AAG,13633,0.010217066765792124,AAG,0.23274037148320129,
AAT,23160,0.017356947575423283,AAU,0.2767158734456814,
ACA,9151,0.006858092714278862,ACA,0.10847490454546051,
ACC,31329,0.023479093721521415,ACC,0.45196818839650466,
ACG,19182,0.014375689481509905,ACG,0.5086312281708036,
ACT,11766,0.00881786896254017,ACU,0.30921515257144183,
AGA,2597,0.00194628639263274,AGA,0.45065789473684215,
AGC,21401,0.01603868890594273,AGC,0.4746222619686972,
AGG,1439,0.001078439013861576,AGG,0.20230263157894737,
AGT,11527,0.008638753657249748,AGU,0.2556408959260396,
ATA,5518,0.004135390186579692,AUA,0.7203947368421052,
ATC,33734,0.02528148832078277,AUC,0.49044422455405023,
ATG,37235,0.027905265240539115,AUG,0.3667763157894737,
ATT,40705,0.03050580963115737,AUU,0.5917926175512128,
CAA,20501,0.015364196124514366,CAA,0.3963815789473684,
CAC,12982,0.009729183653892273,CAC,0.1430784104896509,
CAG,38677,0.028985952563672118,CAG,0.4572368421052631,
CAT,17163,0.012862577341838937,CAU,0.1891584316156123,
CCA,11221,0.008409426111564105,CCA,0.06523174032376934,
CCC,7261,0.005441657873279294,CCC,0.1639511681759585,
CCG,31280,0.02344237133675476,CCG,0.6489472413530204,
CCT,9274,0.006950273394407406,CCU,0.26331721856830437,
CGA,4647,0.0034826310614417956,CGA,0.1834988021046566,
CGC,29586,0.022172826034821815,CGC,1.1682796554913646,
CGG,7112,0.005329991846131709,CGG,0.33059210526315785,
CGT,28245,0.021167831790493547,CGU,1.1153268055618735,
CTA,5176,0.003879082929636913,CUA,0.023436238665671284,
CTC,14900,0.011166602714758502,CUC,0.24628477472230978,
CTG,71106,0.053289426351383756,CUG,2.64268218238696,
CTT,14653,0.010981491918077606,CUU,0.24220206738295338,
GAA,53085,0.03978383255791645,GAA,1.689711692742417,
GAC,25533,0.01913536020912274,GAC,0.4654011424841623,
GAG,23803,0.01783883519593266,GAG,0.7576567283102148,
GAT,42684,0.031988944313875965,GAU,0.7780199101474164,
GCA,26896,0.02015684205477481,GCA,0.4896520934525685,
GCC,34294,0.025701172718115978,GCC,0.3207236842105263,
GCG,45384,0.03401242265816106,GCG,0.8262332915396848,
GCT,20322,0.0152300470046525,GCU,0.36996987816564153,
GGA,10396,0.007791141061921435,GGA,0.23051873136744552,
GGC,39781,0.02981333037555758,GGC,1.236702210339789,
GGG,14638,0.010970250371720466,GGG,0.8796786370536072,
GGT,33018,0.024744891841335315,GGU,1.026455684397053,
GTA,14533,0.01089155954722049,GUA,0.39082627091566696,
GTC,20453,0.015328223176171519,GUC,0.299290504381564,
GTG,35199,0.02637941268166339,GUG,0.9465832181903642,
GTT,24394,0.018281752122403953,GUU,1.0129710591439833,
TAA,2753,0.0020631984747469904,UAA,0.10151958482688249,True
TAC,16274,0.012196328361072473,UAC,0.455947190091892,
TAG,305,0.0002285781092618351,UAG,0.04645617043995134,True
TAT,21356,0.016004964266871313,UAU,0.5983291256975817,
TCA,9365,0.0070184721089740516,UCA,0.19405528755739151,
TCC,11480,0.00860353014533071,UCC,0.20060220976528784,
TCG,11895,0.008914546261211569,UCG,0.42575657692083213,
TCT,11204,0.008396685692359346,UCU,0.42794118891438326,
TGA,1245,0.0009330483476425728,UGA,0.11348684210526315,
TGC,8627,0.0064653880282027915,UGC,0.4595191669785323,
TGG,20299,0.015212809966904887,UGG,0.4901315789473684,
TGT,6843,0.005128393448127009,UGU,0.36449399091620455,
TTA,18391,0.013782885270276752,UUA,0.2947716009430411,
TTC,22106,0.016567041584728284,UUC,0.2295132757524095,
TTG,18243,0.013671968679552976,UUG,1.2858205043201167,
TTT,29696,0.022255264041440837,UUU,0.3083156716160116,
