id,trna,anticodon,codon,concentration
1,Ala1B,UGC,GCU/GCA/GCG,10.25
2,Ala2,GGC,GCC,1.95
3,Arg2,ACG,CGU/CGC/CGA,15
4,Arg3,CCG,CGG,2.01
5,Arg4,UCU,AGA,2.74
6,Arg5,CCU,AGG,1.23
7,Asn,GUU,AAC/AAU,3.77
8,Asp1,GUC,GAC/GAU,7.56
9,Cys,GCA,UGC/UGU,5.01
10,Gln1,UUG,CAA,2.41
11,Gln2,CUG,CAG,2.78
12,Glu2,UUC,GAA/GAG,14.88
13,Gly1,CCC,GGG,3.375
14,Gly2,UCC,GGA/GGG,3.375
15,Gly3,GCC,GGC/GGU,13.76
16,His,GUG,CAC/CAU,2.02
17,Ile1,GAU,AUC/AUU,6.58
18,Ile2,CAU,AUA,4.38
19,Leu1,CAG,CUG,14.11
20,Leu2,GAG,CUC/CUU,2.97
21,Leu3,UAG,CUA/CUG,2.1
22,Leu4,CAA,UUG,6.04
23,Leu5,UAA,UUA/UUG,3.57
24,Lys,UUU,AAA/AAG,6.08
25,Metm,CAU,AUG,2.23
26,Phe,GAA,UUC/UUU,3.27
27,Pro1,CGG,CCG,2.84
28,Pro2,GGG,CCC/CCU,2.27
29,Pro3,UGG,CCA/CCU/CCG,1.83
30,Ser1,UGA,UCA/UCU/UCG,4.09
31,Ser2,CGA,UCG,1.09
32,Ser3,GCU,AGC/AGU,4.44
33,Ser5,GGA,UCC/UCU,2.41
34,Thr1,GGU,ACC/ACU,0.32
35,Thr2,CGU,ACG,1.71
36,Thr3,GGU,ACC/ACU,3.46
37,Thr4,UGU,ACA/ACU/ACG,2.89
38,Trp,CCA,UGG,2.98
39,Tyr1,GUA,UAC/UAU,2.43
40,Tyr2,GUA,UAC/UAU,3.98
41,Val1,UAC,GUA/GUG/GUU,12.12
42,Val2A,GAC,GUC/GUU,1.99
43,Val2B,GAC,GUC/GUU,2
100,Sec,UCA,UGA,0.69
-1,Metf1,CAU,AUG,3.82
-2,Metf2,CAU,AUG,2.26
-3,Metf,CAU,AUG,6.08
